{
  "numTotalTestSuites": 1,
  "numPassedTestSuites": 1,
  "numFailedTestSuites": 0,
  "numPendingTestSuites": 0,
  "numTotalTests": 5,
  "numPassedTests": 5,
  "numFailedTests": 0,
  "numPendingTests": 0,
  "numTodoTests": 0,
  "startTime": 1719866185784,
  "success": true,
  "testResults": [
    {
      "assertionResults": [
        {
          "ancestorTitles": [
            ""
          ],
          "fullName": " Kareler ekranda doğru şekilde oluşmuş",
          "status": "passed",
          "title": "Kareler ekranda doğru şekilde oluşmuş",
          "duration": 26,
          "failureMessages": []
        },
        {
          "ancestorTitles": [
            ""
          ],
          "fullName": " Sayfa ilk yüklendiğinde seçili bir kare yok",
          "status": "passed",
          "title": "Sayfa ilk yüklendiğinde seçili bir kare yok",
          "duration": 6,
          "failureMessages": []
        },
        {
          "ancestorTitles": [
            ""
          ],
          "fullName": " Tıklanan kareye active classı ekleniyor.",
          "status": "passed",
          "title": "Tıklanan kareye active classı ekleniyor.",
          "duration": 17,
          "failureMessages": []
        },
        {
          "ancestorTitles": [
            ""
          ],
          "fullName": " Bir kareye 2 kere tıklanınca active classı eklenip kaldırılıyor",
          "status": "passed",
          "title": "Bir kareye 2 kere tıklanınca active classı eklenip kaldırılıyor",
          "duration": 6,
          "failureMessages": []
        },
        {
          "ancestorTitles": [
            ""
          ],
          "fullName": " Bir kareye tıklanınca diğer karalerdeki active classı kaldırılıyor",
          "status": "passed",
          "title": "Bir kareye tıklanınca diğer karalerdeki active classı kaldırılıyor",
          "duration": 15,
          "failureMessages": []
        }
      ],
      "startTime": 1719869001246,
      "endTime": 1719869001317,
      "status": "passed",
      "message": "",
      "name": "/home/projects/vitejs-vite-hungbz/src/__tests__/Kareler.test.jsx"
    }
  ]
}